<?xml version="1.0" encoding="UTF-8"?>
<beans:beans xmlns="http://www.springframework.org/schema/mvc"
	xmlns:xsi="http://www.w3.org/2001/XMLSchema-instance"
	xmlns:beans="http://www.springframework.org/schema/beans"
	xmlns:context="http://www.springframework.org/schema/context"
	xsi:schemaLocation="http://www.springframework.org/schema/mvc https://www.springframework.org/schema/mvc/spring-mvc.xsd
		http://www.springframework.org/schema/beans https://www.springframework.org/schema/beans/spring-beans.xsd
		http://www.springframework.org/schema/context https://www.springframework.org/schema/context/spring-context.xsd">

	<!-- DispatcherServlet Context: defines this servlet's request-processing infrastructure -->
	
	<!-- Enables the Spring MVC @Controller programming model -->
	<annotation-driven />

	<!-- Handles HTTP GET requests for /resources/** by efficiently serving up static resources in the ${webappRoot}/resources directory -->
	<resources mapping="/resources/**" location="/resources/" />

	<!-- Resolves views selected for rendering by @Controllers to .jsp resources in the /WEB-INF/views directory -->
	<beans:bean class="org.springframework.web.servlet.view.InternalResourceViewResolver">
		<beans:property name="prefix" value="/WEB-INF/views/" />
		<beans:property name="suffix" value=".jsp" />
	</beans:bean>
	
	<!--	이 아래 설정은 pj 생성 시 자동으로 설정된 것임. -->				
<!--	이것 때문에 해당 패키지의 홈 컨트롤러가 작동하고 헬로월드가 표시 되는 것임.  -->				
<!--	참고로 pj 생성 시에 기본 패키지를 com.peisia.spring.mi 라고 지정했지만 -->				
<!--	com.peisia.spring 까지만 인식해버리고 세번째 폴더 spring 을 톰캣 서버로 지정하는 등 -->				
	<context:component-scan base-package="com.peisia.spring" />
	
	<!--	내가 따로 정한 컨트롤러용 패키지를 위해 아래 설정 추가했음 -->		
	<context:component-scan base-package="com.peisia.controller" />		
	
	
</beans:beans>
