<?xml version="1.0" encoding="UTF-8"?>
<!DOCTYPE log4j:configuration PUBLIC "-//APACHE//DTD LOG4J 1.2//EN" "log4j.dtd">
<log4j:configuration xmlns:log4j="http://jakarta.apache.org/log4j/">

	<!-- Appenders -->
	<appender name="console" class="org.apache.log4j.ConsoleAppender">
		<param name="Target" value="System.out" />
		<layout class="org.apache.log4j.PatternLayout">
			<param name="ConversionPattern" value="%-5p: %c - %m%n" />
		</layout>
	</appender>
	
	<!-- Application Loggers -->
	<logger name="com.peisia.spring">
		<level value="info" />
	</logger>
	
	
	
	<!-- 3rdparty Loggers -->
	<logger name="org.springframework.core">
		<level value="info" />
	</logger>
	
	<logger name="org.springframework.beans">
		<level value="info" />
	</logger>
	
	<logger name="org.springframework.context">
		<level value="info" />
	</logger>

	<logger name="org.springframework.web">
		<level value="info" />
	</logger>
	
		<!-- 내가 추가한거 -->
	<logger name="jdbc.audit">
		<level value="warn" />
	</logger>
	<logger name="jdbc.resultset">
		<level value="warn" />
	</logger>
	<logger name="jdbc.connection">
		<level value="warn" />
	</logger>	
	
	<!-- Root Logger -->
	<root>
		<priority value="warn" />
		<appender-ref ref="console" />
	</root>
<!-- 	<< 이 로그 설정 때문에 위의 태그들 처럼 -->
<!-- 별도로 로그 레벨 필터링을 안하면 -->
<!-- warn 워닝 레벨 로그 이상만 나옴. (에러, 워닝만 나옴) -->
<!-- 그래서 로그가 안나왔던 것임. -->

	<!--	TestController 컨트롤러 때문에 추가함 -->				
<logger name="com.peisia.controller">					
	<level value="info" />				
</logger>	
<!-- Root Logger에서 에러,워닝만 나오도록 제한 하였으나, 이 패키지에선 info도 나오도록 추가함 -->
	
</log4j:configuration>

	
